customer_id,region,valid_from,valid_to
1,latam,2025-08-30,
2,na,2026-02-18,2026-08-01
2,latam,2026-08-01,
3,apac,2025-08-30,
4,emea,2025-08-11,2026-08-01
4,na,2026-08-01,
5,na,2025-08-05,2026-07-01
5,latam,2026-07-01,
6,apac,2025-08-10,
7,emea,2025-11-01,
8,apac,2025-06-11,2026-07-01
8,na,2026-07-01,
9,latam,2026-01-06,2026-08-01
9,emea,2026-08-01,
10,na,2026-04-18,
11,latam,2025-12-21,2026-08-01
11,emea,2026-08-01,
12,apac,2025-10-28,2026-07-01
12,na,2026-07-01,
13,latam,2026-01-22,
14,latam,2025-06-17,
15,na,2025-08-30,
16,apac,2025-06-07,2026-07-01
16,emea,2026-07-01,
17,emea,2025-08-31,
18,latam,2025-06-11,
19,latam,2025-09-07,
20,na,2026-02-10,2026-07-01
20,emea,2026-07-01,
21,emea,2025-07-04,
22,emea,2025-06-23,
23,latam,2025-05-31,
24,emea,2025-07-26,
25,na,2026-04-25,
26,na,2025-08-06,
27,emea,2025-09-22,
28,emea,2026-01-14,2026-07-01
28,apac,2026-07-01,
29,emea,2025-07-06,
30,latam,2026-02-24,2026-08-01
30,emea,2026-08-01,
31,latam,2025-08-19,2026-07-01
31,apac,2026-07-01,
32,na,2025-09-19,
33,na,2026-02-15,2026-08-01
33,latam,2026-08-01,
34,na,2025-07-22,2026-08-01
34,emea,2026-08-01,
35,na,2025-12-26,2026-07-01
35,emea,2026-07-01,
36,latam,2025-07-19,2026-07-01
36,emea,2026-07-01,
37,apac,2025-06-23,
38,emea,2025-05-13,2026-08-01
38,latam,2026-08-01,
39,emea,2025-05-10,
40,apac,2025-07-20,
41,emea,2025-09-15,2026-07-01
41,apac,2026-07-01,
42,latam,2025-11-22,2026-07-01
42,emea,2026-07-01,
43,na,2026-01-14,
44,na,2026-02-12,
45,apac,2026-02-18,2026-07-01
45,emea,2026-07-01,
46,emea,2026-03-15,
47,latam,2026-02-08,
48,emea,2026-02-09,
49,latam,2025-11-10,
50,apac,2025-11-20,2026-08-01
50,na,2026-08-01,
51,apac,2025-07-23,
52,na,2025-10-18,
53,apac,2025-08-13,
54,na,2026-01-05,
55,na,2026-03-20,2026-07-01
55,emea,2026-07-01,
56,apac,2026-02-25,
57,apac,2025-10-07,2026-08-01
57,latam,2026-08-01,
58,apac,2026-03-18,2026-07-01
58,emea,2026-07-01,
59,na,2025-12-16,
60,na,2025-12-20,2026-07-01
60,emea,2026-07-01,
61,apac,2026-03-01,
62,apac,2025-07-23,
63,apac,2025-06-18,2026-07-01
63,na,2026-07-01,
64,emea,2025-12-19,2026-07-01
64,apac,2026-07-01,
65,apac,2025-08-04,
66,apac,2025-09-16,
67,emea,2025-12-15,
68,na,2025-12-25,2026-07-01
68,latam,2026-07-01,
69,emea,2025-08-12,
70,latam,2026-03-09,
71,latam,2025-05-31,
72,latam,2025-08-16,
73,emea,2026-01-05,
74,emea,2025-10-07,
75,na,2026-02-25,2026-08-01
75,apac,2026-08-01,
76,emea,2026-04-04,2026-08-01
76,latam,2026-08-01,
77,apac,2025-06-30,2026-08-01
77,na,2026-08-01,
78,latam,2026-01-28,2026-08-01
78,na,2026-08-01,
79,apac,2025-10-28,
80,apac,2025-12-28,2026-08-01
80,na,2026-08-01,
81,apac,2026-01-29,2026-08-01
81,na,2026-08-01,
82,latam,2025-12-11,
83,emea,2025-12-26,
84,na,2026-03-17,2026-07-01
84,emea,2026-07-01,
85,latam,2025-07-06,2026-07-01
85,emea,2026-07-01,
86,apac,2025-06-14,2026-07-01
86,latam,2026-07-01,
87,latam,2025-11-17,
88,latam,2026-02-15,2026-07-01
88,na,2026-07-01,
89,latam,2025-05-09,
90,emea,2025-08-07,
91,na,2025-05-16,
92,emea,2026-03-20,2026-07-01
92,latam,2026-07-01,
93,apac,2026-03-10,
94,latam,2025-07-21,2026-07-01
94,apac,2026-07-01,
95,emea,2025-08-25,2026-08-01
95,na,2026-08-01,
96,na,2025-05-30,
97,latam,2025-12-24,
98,apac,2026-01-02,
99,emea,2026-01-04,
100,latam,2025-08-23,
101,na,2025-08-30,
102,apac,2026-04-09,
103,emea,2026-03-24,
104,apac,2025-12-23,
105,apac,2025-06-18,
106,na,2025-08-29,2026-08-01
106,latam,2026-08-01,
107,na,2025-05-13,2026-08-01
107,apac,2026-08-01,
108,apac,2025-09-07,
109,na,2025-07-25,2026-07-01
109,apac,2026-07-01,
110,na,2025-12-05,
111,latam,2025-12-16,
112,emea,2026-03-25,
113,emea,2025-08-07,2026-08-01
113,na,2026-08-01,
114,apac,2026-03-06,
115,emea,2025-08-21,
116,latam,2025-10-13,2026-07-01
116,emea,2026-07-01,
117,latam,2025-10-07,
118,emea,2025-10-01,
119,apac,2026-03-02,
120,na,2025-11-17,
121,latam,2026-03-02,
122,emea,2025-05-02,2026-08-01
122,apac,2026-08-01,
123,apac,2026-03-30,
124,na,2025-10-30,
125,apac,2026-04-08,2026-07-01
125,latam,2026-07-01,
126,apac,2025-06-11,
127,emea,2025-12-17,
128,apac,2026-01-25,
129,latam,2026-04-18,
130,latam,2025-07-23,
131,na,2026-04-07,
132,latam,2025-09-14,
133,emea,2025-06-07,
134,latam,2026-04-07,
135,emea,2026-02-04,
136,apac,2025-12-09,2026-08-01
136,emea,2026-08-01,
137,emea,2025-11-29,
138,latam,2026-03-02,2026-07-01
138,na,2026-07-01,
139,emea,2025-08-19,
140,latam,2025-07-25,2026-08-01
140,emea,2026-08-01,
141,latam,2026-02-20,
142,emea,2026-03-17,2026-07-01
142,apac,2026-07-01,
143,emea,2025-10-26,2026-07-01
143,na,2026-07-01,
144,latam,2025-10-18,
145,emea,2025-10-22,2026-07-01
145,apac,2026-07-01,
146,apac,2025-07-12,
147,emea,2025-05-16,
148,emea,2026-03-16,2026-07-01
148,apac,2026-07-01,
149,latam,2025-06-06,
150,apac,2026-04-21,2026-08-01
150,latam,2026-08-01,
