date,currency,usd_rate
2026-05-22,EUR,1.0762
2026-05-22,GBP,1.2611
2026-05-25,EUR,1.0794
2026-05-25,GBP,1.2503
2026-05-26,EUR,1.0802
2026-05-26,GBP,1.2469
2026-05-27,EUR,1.0707
2026-05-27,GBP,1.2471
2026-05-28,EUR,1.0608
2026-05-28,GBP,1.2454
2026-05-29,EUR,1.0517
2026-05-29,GBP,1.2352
2026-06-01,EUR,1.0501
2026-06-01,GBP,1.2433
2026-06-02,EUR,1.0422
2026-06-02,GBP,1.2364
2026-06-03,EUR,1.0449
2026-06-03,GBP,1.2475
2026-06-04,EUR,1.0465
2026-06-04,GBP,1.2449
2026-06-05,EUR,1.0565
2026-06-05,GBP,1.2336
2026-06-08,EUR,1.0641
2026-06-08,GBP,1.2284
2026-06-09,EUR,1.0565
2026-06-09,GBP,1.219
2026-06-10,EUR,1.0525
2026-06-10,GBP,1.2267
2026-06-11,EUR,1.0458
2026-06-11,GBP,1.2287
2026-06-12,EUR,1.0487
2026-06-12,GBP,1.2256
2026-06-15,EUR,1.0497
2026-06-15,GBP,1.2149
2026-06-16,EUR,1.0405
2026-06-16,GBP,1.2078
2026-06-17,EUR,1.0443
2026-06-17,GBP,1.2061
2026-06-18,EUR,1.0404
2026-06-18,GBP,1.2082
2026-06-19,EUR,1.0394
2026-06-19,GBP,1.2034
2026-06-22,EUR,1.0455
2026-06-22,GBP,1.2082
2026-06-23,EUR,1.0401
2026-06-23,GBP,1.21
2026-06-24,EUR,1.0406
2026-06-24,GBP,1.2191
2026-06-25,EUR,1.0454
2026-06-25,GBP,1.2139
2026-06-26,EUR,1.0554
2026-06-26,GBP,1.2046
2026-06-29,EUR,1.0537
2026-06-29,GBP,1.2108
2026-06-30,EUR,1.0464
2026-06-30,GBP,1.2105
2026-07-01,EUR,1.0368
2026-07-01,GBP,1.2146
2026-07-02,EUR,1.0423
2026-07-02,GBP,1.2164
2026-07-03,EUR,1.0501
2026-07-03,GBP,1.2119
2026-07-06,EUR,1.0542
2026-07-06,GBP,1.2142
2026-07-07,EUR,1.0559
2026-07-07,GBP,1.2131
2026-07-08,EUR,1.0631
2026-07-08,GBP,1.2239
2026-07-09,EUR,1.0625
2026-07-09,GBP,1.2279
2026-07-10,EUR,1.0532
2026-07-10,GBP,1.2328
2026-07-13,EUR,1.0563
2026-07-13,GBP,1.245
2026-07-14,EUR,1.0631
2026-07-14,GBP,1.2396
2026-07-15,EUR,1.0607
2026-07-15,GBP,1.2438
2026-07-16,EUR,1.0506
2026-07-16,GBP,1.2428
2026-07-17,EUR,1.0436
2026-07-17,GBP,1.2333
2026-07-20,EUR,1.0344
2026-07-20,GBP,1.2399
2026-07-21,EUR,1.0267
2026-07-21,GBP,1.2336
2026-07-22,EUR,1.0245
2026-07-22,GBP,1.2428
2026-07-23,EUR,1.0159
2026-07-23,GBP,1.2415
2026-07-24,EUR,1.0169
2026-07-24,GBP,1.251
2026-07-27,EUR,1.0234
2026-07-27,GBP,1.2601
2026-07-28,EUR,1.0189
2026-07-28,GBP,1.258
2026-07-29,EUR,1.016
2026-07-29,GBP,1.2677
2026-07-30,EUR,1.0253
2026-07-30,GBP,1.2588
2026-07-31,EUR,1.0187
2026-07-31,GBP,1.2521
2026-08-03,EUR,1.0133
2026-08-03,GBP,1.2517
2026-08-04,EUR,1.0151
2026-08-04,GBP,1.2458
2026-08-05,EUR,1.005
2026-08-05,GBP,1.2438
2026-08-06,EUR,1.0024
2026-08-06,GBP,1.2455
2026-08-07,EUR,1.0115
2026-08-07,GBP,1.2502
2026-08-10,EUR,1.0118
2026-08-10,GBP,1.2531
2026-08-11,EUR,1.0154
2026-08-11,GBP,1.2419
2026-08-12,EUR,1.0235
2026-08-12,GBP,1.2489
2026-08-13,EUR,1.0312
2026-08-13,GBP,1.2563
2026-08-14,EUR,1.029
2026-08-14,GBP,1.2538
2026-08-17,EUR,1.0208
2026-08-17,GBP,1.2572
2026-08-18,EUR,1.0119
2026-08-18,GBP,1.2463
2026-08-19,EUR,1.006
2026-08-19,GBP,1.2379
2026-08-20,EUR,1.0028
2026-08-20,GBP,1.2268
2026-08-21,EUR,0.9928
2026-08-21,GBP,1.2182
2026-08-24,EUR,0.9849
2026-08-24,GBP,1.2149
2026-08-25,EUR,0.9756
2026-08-25,GBP,1.224
2026-08-26,EUR,0.9778
2026-08-26,GBP,1.2154
2026-08-27,EUR,0.973
2026-08-27,GBP,1.2117
2026-08-28,EUR,0.9704
2026-08-28,GBP,1.2026
2026-08-31,EUR,0.9772
2026-08-31,GBP,1.2145
