order_id,customer_id,order_ts,currency,amount,status,_ingested_at
371,97,2026-06-04 02:12:13,USD,664.37,completed,2026-06-04 03:17:13
266,80,2026-06-08 18:19:24,EUR,866.1,completed,2026-06-08 18:25:24
33,35,2026-06-05 02:39:46,GBP,734.42,completed,2026-06-05 03:46:46
351,139,2026-08-26 01:50:55,GBP,881.37,completed,2026-08-26 02:01:55
54,74,2026-06-23 13:00:33,USD,263.06,completed,2026-06-23 14:25:33
225,115,2026-07-21 12:33:26,EUR,842.49,completed,2026-07-21 12:54:26
164,4,2026-07-19 15:13:02,USD,806.75,completed,2026-07-19 15:23:02
60,40,2026-07-04 23:20:38,GBP,317.03,completed,2026-07-04 23:28:38
149,9,2026-07-08 21:01:21,USD,221.41,completed,2026-07-08 21:06:21
356,92,2026-06-14 07:50:47,GBP,722.54,completed,2026-06-14 07:58:47
399,13,2026-07-30 16:15:59,USD,545.61,completed,2026-07-30 17:21:59
22,53,2026-06-03 10:26:43,EUR,170.7,completed,2026-06-03 12:36:43
117,98,2026-08-16 01:18:55,USD,858.88,completed,2026-08-16 01:34:55
241,23,2026-06-27 04:30:17,USD,523.02,completed,2026-06-27 05:40:17
231,112,2026-08-12 08:19:12,USD,51.64,completed,2026-08-12 08:37:12
91,121,2026-08-29 05:09:51,USD,330.12,completed,2026-08-29 05:30:51
227,139,2026-06-07 21:18:35,EUR,693.46,completed,2026-06-07 21:43:35
18,61,2026-08-11 21:48:07,EUR,267.94,completed,2026-08-11 22:07:07
283,117,2026-06-15 10:06:54,USD,330.67,completed,2026-06-15 10:35:54
36,97,2026-06-23 08:07:49,GBP,48.47,completed,2026-06-23 08:35:49
31,115,2026-08-22 14:53:11,EUR,363.31,completed,2026-08-22 15:56:11
175,67,2026-06-16 07:11:56,USD,495.56,completed,2026-06-16 07:15:56
136,112,2026-08-09 16:46:43,EUR,353.62,completed,2026-08-09 17:58:43
185,93,2026-08-02 10:36:29,EUR,843.98,completed,2026-08-02 11:47:29
377,155,2026-06-02 11:26:45,GBP,174.2,completed,2026-06-02 11:39:45
123,109,2026-08-27 20:00:23,USD,480.06,completed,2026-08-27 20:03:23
294,138,2026-06-11 22:03:42,GBP,555.5,completed,2026-06-11 22:18:42
251,18,2026-06-02 15:02:31,GBP,702.44,completed,2026-06-02 15:32:31
56,21,2026-08-05 22:35:50,USD,567.0,completed,2026-08-05 22:47:50
390,99,2026-08-16 17:11:20,USD,289.47,completed,2026-08-16 17:26:20
238,67,2026-07-14 17:53:13,USD,851.27,cancelled,2026-07-16 18:15:13
121,5,2026-08-24 12:44:26,GBP,756.55,cancelled,2026-08-26 13:01:26
199,93,2026-06-21 20:14:25,USD,843.57,completed,2026-06-21 21:34:25
15,47,2026-06-03 23:19:52,GBP,696.66,completed,2026-06-03 23:39:52
344,105,2026-06-23 07:11:24,EUR,638.57,completed,2026-06-23 08:23:24
263,118,2026-06-06 10:30:08,USD,857.91,completed,2026-06-06 10:59:08
12,83,2026-07-19 23:57:30,USD,570.34,completed,2026-07-20 00:05:30
368,142,2026-07-24 20:11:18,USD,126.71,completed,2026-07-24 21:40:18
213,66,2026-08-31 19:46:24,USD,743.87,completed,2026-08-31 21:08:24
298,35,2026-07-05 09:54:22,USD,295.35,completed,2026-07-05 10:58:22
96,60,2026-07-12 19:03:43,EUR,421.46,completed,2026-07-12 19:10:43
154,34,2026-07-08 05:01:23,GBP,720.46,completed,2026-07-08 05:24:23
229,150,2026-06-19 13:52:03,GBP,135.24,completed,2026-06-19 15:03:03
280,117,2026-08-30 22:39:29,USD,310.8,completed,2026-08-30 23:46:29
129,153,2026-06-22 07:20:35,EUR,444.81,completed,2026-06-22 07:30:35
87,141,2026-06-15 02:41:30,USD,806.72,completed,2026-06-15 04:02:30
277,85,2026-08-10 18:14:13,GBP,715.15,completed,2026-08-10 18:21:13
4,58,2026-08-19 00:00:34,EUR,896.75,completed,2026-08-19 00:09:34
56,21,2026-08-05 22:35:50,USD,567.0,completed,2026-08-05 23:47:50
384,34,2026-07-18 20:54:24,USD,237.44,completed,2026-07-18 22:11:24
139,76,2026-08-31 10:52:59,GBP,799.89,completed,2026-08-31 11:06:59
386,43,2026-06-22 07:30:54,USD,228.92,completed,2026-06-22 09:00:54
366,2,2026-06-07 23:30:22,GBP,568.81,completed,2026-06-08 00:00:22
113,47,2026-06-19 05:33:49,USD,641.9,completed,2026-06-19 05:40:49
3,78,2026-06-18 20:16:33,GBP,396.5,completed,2026-06-18 20:41:33
53,106,2026-06-05 13:33:49,USD,315.37,completed,2026-06-05 14:56:49
144,69,2026-08-23 03:54:57,GBP,61.41,cancelled,2026-08-25 04:01:57
150,104,2026-07-21 20:37:13,EUR,856.09,completed,2026-07-21 20:54:13
6,95,2026-07-02 15:02:44,EUR,647.91,completed,2026-07-02 15:14:44
309,8,2026-06-30 20:12:56,USD,687.57,completed,2026-06-30 20:40:56
232,88,2026-06-27 14:58:45,GBP,599.18,completed,2026-06-27 15:22:45
282,68,2026-08-14 11:40:10,GBP,570.84,completed,2026-08-14 11:52:10
228,154,2026-06-13 06:36:29,USD,742.47,completed,2026-06-13 06:43:29
364,48,2026-07-26 15:53:28,GBP,440.19,completed,2026-07-26 16:02:28
206,78,2026-06-21 16:47:22,USD,677.42,completed,2026-06-21 17:02:22
381,112,2026-07-29 23:51:16,USD,658.64,completed,2026-07-30 01:12:16
318,55,2026-08-22 06:12:53,EUR,185.71,completed,2026-08-22 06:38:53
274,74,2026-06-18 20:45:56,GBP,348.98,completed,2026-06-18 21:14:56
82,130,2026-07-17 06:41:31,USD,301.15,completed,2026-07-17 06:52:31
369,94,2026-08-09 00:22:35,GBP,713.61,completed,2026-08-09 00:33:35
84,22,2026-06-29 01:42:40,EUR,564.62,cancelled,2026-07-01 01:48:40
235,43,2026-08-06 07:43:46,GBP,675.06,completed,2026-08-06 08:09:46
190,79,2026-07-05 23:36:35,GBP,844.0,completed,2026-07-05 23:47:35
337,67,2026-06-18 05:03:14,EUR,695.33,completed,2026-06-18 05:30:14
30,108,2026-07-12 18:15:27,EUR,594.66,completed,2026-07-12 18:30:27
281,76,2026-06-04 23:46:39,GBP,19.12,completed,2026-06-04 23:58:39
216,83,2026-06-11 20:51:34,GBP,204.82,completed,2026-06-11 21:11:34
11,54,2026-07-21 11:49:52,EUR,740.7,completed,2026-07-21 13:03:52
219,65,2026-07-21 03:23:22,GBP,723.88,completed,2026-07-21 03:40:22
358,97,2026-08-14 05:11:01,GBP,498.49,completed,2026-08-14 05:36:01
256,154,2026-08-20 00:07:56,EUR,379.7,completed,2026-08-20 00:27:56
313,44,2026-08-08 10:13:06,USD,432.23,completed,2026-08-08 10:28:06
236,26,2026-08-02 03:12:50,USD,856.03,completed,2026-08-02 03:26:50
28,51,2026-08-03 05:36:13,USD,362.77,completed,2026-08-03 06:53:13
198,141,2026-07-31 17:17:23,GBP,479.02,completed,2026-07-31 19:26:23
279,105,2026-06-30 21:55:56,USD,724.73,completed,2026-06-30 22:13:56
342,143,2026-06-18 02:29:43,GBP,36.44,completed,2026-06-18 02:51:43
142,69,2026-08-25 17:32:09,GBP,182.7,completed,2026-08-25 18:52:09
218,118,2026-06-24 20:52:54,GBP,781.66,completed,2026-06-24 20:54:54
148,99,2026-07-15 12:41:04,USD,382.94,completed,2026-07-15 13:11:04
342,143,2026-06-18 02:29:43,GBP,36.44,completed,2026-06-18 03:51:43
291,1,2026-06-06 14:03:25,USD,847.35,completed,2026-06-06 14:11:25
201,89,2026-07-22 14:13:20,USD,101.48,completed,2026-07-22 15:37:20
159,101,2026-08-21 07:17:33,USD,317.39,completed,2026-08-21 07:31:33
330,51,2026-07-20 09:41:16,USD,740.31,completed,2026-07-20 10:01:16
212,108,2026-07-22 04:24:48,EUR,794.1,completed,2026-07-22 05:50:48
115,15,2026-08-09 11:21:18,GBP,778.73,completed,2026-08-09 12:37:18
226,112,2026-07-26 15:11:56,USD,398.65,completed,2026-07-26 15:27:56
241,23,2026-06-27 04:30:17,USD,523.02,completed,2026-06-27 04:40:17
93,39,2026-08-19 09:37:27,USD,342.13,completed,2026-08-19 09:59:27
126,132,2026-07-07 02:29:37,GBP,839.07,completed,2026-07-07 02:44:37
121,5,2026-08-24 12:44:26,GBP,756.55,completed,2026-08-24 14:01:26
276,129,2026-06-09 14:37:35,GBP,727.6,completed,2026-06-09 14:39:35
174,36,2026-07-11 10:33:56,GBP,29.92,completed,2026-07-11 10:40:56
52,153,2026-07-09 01:45:48,EUR,819.75,completed,2026-07-09 02:10:48
47,22,2026-08-07 00:10:16,USD,758.34,completed,2026-08-07 00:17:16
112,155,2026-07-16 16:08:28,USD,711.66,cancelled,2026-07-18 16:25:28
240,75,2026-08-05 11:01:48,EUR,801.01,completed,2026-08-05 11:31:48
367,2,2026-08-30 04:40:23,GBP,767.16,completed,2026-08-30 05:06:23
329,5,2026-08-29 21:49:10,EUR,335.89,completed,2026-08-29 22:10:10
345,74,2026-08-02 12:45:12,GBP,709.72,completed,2026-08-02 13:09:12
22,53,2026-06-03 10:26:43,EUR,170.7,completed,2026-06-03 10:36:43
397,37,2026-06-22 05:09:09,USD,531.74,completed,2026-06-22 05:35:09
375,43,2026-06-25 04:50:22,GBP,664.77,completed,2026-06-25 04:52:22
7,53,2026-08-06 06:19:49,USD,211.57,completed,2026-08-06 06:27:49
108,94,2026-06-20 10:14:47,USD,166.31,completed,2026-06-20 10:29:47
290,59,2026-06-02 12:36:50,GBP,742.32,completed,2026-06-02 12:57:50
151,113,2026-08-18 11:34:15,EUR,549.34,completed,2026-08-18 12:41:15
176,126,2026-07-02 17:29:14,GBP,517.57,completed,2026-07-02 17:33:14
331,70,2026-06-05 02:51:00,USD,81.77,completed,2026-06-05 02:59:00
258,100,2026-07-07 10:09:23,USD,205.66,completed,2026-07-07 10:38:23
155,103,2026-07-18 20:06:11,EUR,108.13,completed,2026-07-18 20:36:11
67,148,2026-07-31 17:13:45,EUR,463.41,completed,2026-07-31 17:34:45
76,77,2026-06-27 15:44:13,GBP,75.36,completed,2026-06-27 16:11:13
225,115,2026-07-21 12:33:26,EUR,842.49,completed,2026-07-21 13:54:26
388,119,2026-08-04 16:12:59,EUR,148.65,completed,2026-08-04 17:34:59
25,53,2026-06-02 13:57:10,EUR,106.62,completed,2026-06-02 14:00:10
384,34,2026-07-18 20:54:24,USD,237.44,completed,2026-07-18 21:11:24
120,29,2026-06-17 03:25:56,USD,489.73,completed,2026-06-17 03:33:56
87,141,2026-06-15 02:41:30,USD,806.72,completed,2026-06-15 03:02:30
191,91,2026-08-02 11:49:44,EUR,650.48,completed,2026-08-02 12:19:44
117,98,2026-08-16 01:18:55,USD,858.88,completed,2026-08-16 02:34:55
284,33,2026-06-15 16:36:16,GBP,353.07,completed,2026-06-15 17:48:16
295,29,2026-08-21 02:34:33,EUR,611.5,completed,2026-08-21 02:37:33
340,18,2026-08-22 12:27:30,USD,231.08,completed,2026-08-22 12:49:30
251,18,2026-06-02 15:02:31,GBP,702.44,completed,2026-06-02 16:32:31
199,93,2026-06-21 20:14:25,USD,843.57,completed,2026-06-21 20:34:25
249,16,2026-07-04 02:38:21,USD,41.89,completed,2026-07-04 02:58:21
31,115,2026-08-22 14:53:11,EUR,363.31,completed,2026-08-22 14:56:11
64,150,2026-07-02 21:11:41,USD,411.24,completed,2026-07-02 21:22:41
182,98,2026-06-20 18:56:16,GBP,897.56,completed,2026-06-20 19:21:16
168,95,2026-06-19 17:58:23,EUR,219.24,completed,2026-06-19 18:00:23
373,24,2026-08-23 22:48:11,GBP,118.05,completed,2026-08-23 22:58:11
387,17,2026-08-23 12:34:39,EUR,194.96,completed,2026-08-23 12:48:39
101,34,2026-07-05 01:21:12,USD,343.49,completed,2026-07-05 02:22:12
332,5,2026-06-05 03:05:59,USD,873.11,completed,2026-06-05 03:10:59
119,134,2026-07-03 22:28:06,EUR,783.23,completed,2026-07-03 22:51:06
222,66,2026-07-03 08:53:28,USD,475.03,completed,2026-07-03 09:09:28
303,18,2026-08-19 02:44:25,EUR,74.76,completed,2026-08-19 03:08:25
349,146,2026-07-04 20:51:03,GBP,158.42,completed,2026-07-04 20:56:03
53,106,2026-06-05 13:33:49,USD,315.37,completed,2026-06-05 13:56:49
107,36,2026-07-30 03:59:59,EUR,758.81,completed,2026-07-30 05:20:59
214,143,2026-07-14 21:41:28,GBP,602.87,completed,2026-07-14 22:56:28
275,55,2026-06-30 09:06:23,GBP,514.25,completed,2026-06-30 09:35:23
320,122,2026-08-14 17:45:24,USD,238.66,completed,2026-08-14 19:03:24
208,13,2026-07-13 02:56:07,USD,861.66,completed,2026-07-13 03:01:07
42,68,2026-06-03 01:41:52,GBP,803.95,completed,2026-06-03 02:01:52
40,151,2026-08-15 11:19:06,GBP,324.65,completed,2026-08-15 11:27:06
226,112,2026-07-26 15:11:56,USD,398.65,completed,2026-07-26 16:27:56
197,143,2026-06-21 21:38:36,EUR,210.85,completed,2026-06-21 21:58:36
331,70,2026-06-05 02:51:00,USD,81.77,completed,2026-06-05 03:59:00
325,15,2026-08-22 21:30:13,GBP,298.66,completed,2026-08-22 22:00:13
94,83,2026-07-06 08:27:10,GBP,828.93,completed,2026-07-06 09:52:10
101,34,2026-07-05 01:21:12,USD,343.49,completed,2026-07-05 01:22:12
177,113,2026-06-19 16:35:32,GBP,755.5,completed,2026-06-19 16:39:32
19,61,2026-06-21 09:56:58,GBP,173.48,completed,2026-06-21 09:59:58
301,55,2026-06-29 09:48:58,USD,644.29,completed,2026-06-29 10:02:58
129,153,2026-06-22 07:20:35,EUR,444.81,cancelled,2026-06-24 07:30:35
180,153,2026-06-17 07:23:32,GBP,474.61,completed,2026-06-17 08:35:32
383,82,2026-07-24 21:44:30,USD,46.47,completed,2026-07-24 22:11:30
55,48,2026-08-06 18:22:53,GBP,238.21,completed,2026-08-06 18:28:53
87,141,2026-06-15 02:41:30,USD,806.72,completed,2026-06-15 05:02:30
362,1,2026-07-29 02:55:04,GBP,611.48,completed,2026-07-29 03:00:04
194,83,2026-06-05 06:20:20,GBP,29.24,completed,2026-06-05 06:36:20
84,22,2026-06-29 01:42:40,EUR,564.62,completed,2026-06-29 02:48:40
308,36,2026-07-20 23:16:23,EUR,153.78,completed,2026-07-20 23:38:23
288,147,2026-08-17 20:43:45,EUR,686.71,completed,2026-08-17 21:02:45
306,3,2026-06-26 02:57:05,USD,705.28,completed,2026-06-26 03:19:05
132,155,2026-08-17 03:31:25,GBP,138.92,completed,2026-08-17 03:59:25
137,129,2026-07-24 20:35:59,GBP,143.03,completed,2026-07-24 20:42:59
264,45,2026-08-18 20:17:40,USD,265.6,completed,2026-08-18 20:35:40
1,122,2026-08-18 15:00:04,EUR,837.56,completed,2026-08-18 15:30:04
130,28,2026-08-09 07:43:47,USD,377.99,completed,2026-08-09 08:05:47
173,40,2026-07-24 19:39:05,USD,651.88,completed,2026-07-24 19:50:05
201,89,2026-07-22 14:13:20,USD,101.48,completed,2026-07-22 14:37:20
172,43,2026-07-21 09:00:28,GBP,609.36,completed,2026-07-21 09:19:28
178,140,2026-06-23 06:36:30,USD,127.44,completed,2026-06-23 07:01:30
391,93,2026-08-04 20:12:34,GBP,604.55,completed,2026-08-04 20:24:34
49,60,2026-08-16 09:50:13,EUR,562.25,cancelled,2026-08-18 09:53:13
20,119,2026-06-06 03:00:30,USD,757.3,completed,2026-06-06 03:30:30
398,36,2026-07-03 00:15:57,EUR,221.12,completed,2026-07-03 00:18:57
361,52,2026-08-17 23:46:07,GBP,418.8,completed,2026-08-18 00:06:07
156,111,2026-06-27 09:09:24,GBP,40.11,completed,2026-06-27 09:19:24
325,15,2026-08-22 21:30:13,GBP,298.66,completed,2026-08-22 23:00:13
186,37,2026-07-07 12:17:04,GBP,892.27,completed,2026-07-07 12:29:04
359,37,2026-06-21 20:28:51,USD,384.35,completed,2026-06-21 20:48:51
291,1,2026-06-06 14:03:25,USD,847.35,completed,2026-06-06 15:11:25
114,45,2026-06-28 04:39:42,GBP,567.46,completed,2026-06-28 04:46:42
357,20,2026-07-26 06:20:19,EUR,466.41,completed,2026-07-26 06:26:19
207,86,2026-06-06 18:15:12,GBP,622.07,completed,2026-06-06 19:17:12
73,93,2026-06-21 09:54:24,USD,81.33,completed,2026-06-21 10:13:24
213,66,2026-08-31 19:46:24,USD,743.87,completed,2026-08-31 20:08:24
11,54,2026-07-21 11:49:52,EUR,740.7,completed,2026-07-21 12:03:52
170,103,2026-06-13 01:54:28,EUR,175.78,completed,2026-06-13 02:18:28
189,90,2026-06-21 04:13:00,GBP,410.55,completed,2026-06-21 04:28:00
334,40,2026-08-31 13:24:18,GBP,19.88,completed,2026-08-31 13:34:18
134,98,2026-07-29 09:11:34,EUR,723.64,completed,2026-07-29 09:25:34
146,78,2026-07-26 19:16:56,EUR,881.69,completed,2026-07-26 19:19:56
380,12,2026-06-21 13:48:05,GBP,375.83,completed,2026-06-21 13:58:05
51,23,2026-08-23 20:18:30,USD,123.73,completed,2026-08-23 20:44:30
208,13,2026-07-13 02:56:07,USD,861.66,completed,2026-07-13 04:01:07
152,4,2026-07-22 22:05:44,USD,699.64,completed,2026-07-22 22:13:44
104,8,2026-06-08 08:50:32,GBP,666.92,completed,2026-06-08 09:15:32
260,65,2026-07-18 21:06:35,GBP,776.72,completed,2026-07-18 21:23:35
310,97,2026-07-20 07:18:01,EUR,397.32,completed,2026-07-20 08:22:01
253,132,2026-07-11 23:37:34,GBP,851.62,completed,2026-07-12 00:41:34
299,84,2026-07-08 07:00:26,GBP,23.73,completed,2026-07-08 07:08:26
195,103,2026-07-05 14:55:00,USD,833.13,completed,2026-07-05 15:14:00
363,63,2026-06-27 07:10:55,EUR,324.11,completed,2026-06-27 07:24:55
358,97,2026-08-14 05:11:01,GBP,498.49,completed,2026-08-14 06:36:01
63,2,2026-07-04 13:44:36,GBP,675.44,completed,2026-07-04 13:58:36
46,68,2026-06-08 08:40:35,GBP,395.27,completed,2026-06-08 09:06:35
83,140,2026-08-16 01:25:19,USD,10.56,completed,2026-08-16 01:32:19
162,80,2026-06-19 04:43:45,EUR,604.95,completed,2026-06-19 04:51:45
122,86,2026-07-28 18:51:58,EUR,734.46,completed,2026-07-28 19:19:58
207,86,2026-06-06 18:15:12,GBP,622.07,completed,2026-06-06 18:17:12
278,45,2026-06-05 16:17:27,EUR,61.44,completed,2026-06-05 16:38:27
62,119,2026-06-06 00:25:54,EUR,625.63,cancelled,2026-06-08 00:42:54
371,97,2026-06-04 02:12:13,USD,664.37,completed,2026-06-04 02:17:13
234,47,2026-07-28 20:07:03,USD,777.05,cancelled,2026-07-30 20:10:03
386,43,2026-06-22 07:30:54,USD,228.92,completed,2026-06-22 08:00:54
69,154,2026-07-26 20:44:43,EUR,524.26,completed,2026-07-26 20:48:43
245,67,2026-06-14 03:56:15,USD,142.0,completed,2026-06-14 04:05:15
282,68,2026-08-14 11:40:10,GBP,570.84,completed,2026-08-14 12:52:10
85,4,2026-07-20 04:50:19,GBP,640.57,completed,2026-07-20 05:18:19
41,41,2026-06-19 00:59:51,USD,638.19,completed,2026-06-19 01:14:51
310,97,2026-07-20 07:18:01,EUR,397.32,completed,2026-07-20 07:22:01
183,129,2026-08-04 01:51:53,USD,71.77,completed,2026-08-04 02:11:53
233,71,2026-06-30 14:18:12,GBP,192.38,completed,2026-06-30 14:37:12
202,59,2026-08-15 12:26:58,EUR,850.73,completed,2026-08-15 13:47:58
341,96,2026-08-11 14:49:59,GBP,840.86,completed,2026-08-11 16:09:59
115,15,2026-08-09 11:21:18,GBP,778.73,completed,2026-08-09 11:37:18
210,70,2026-06-24 00:16:17,USD,869.86,completed,2026-06-24 00:23:17
198,141,2026-07-31 17:17:23,GBP,479.02,completed,2026-07-31 17:26:23
99,127,2026-07-20 03:23:40,EUR,709.68,completed,2026-07-20 03:28:40
62,119,2026-06-06 00:25:54,EUR,625.63,completed,2026-06-06 00:42:54
109,40,2026-06-05 08:36:53,EUR,304.39,completed,2026-06-05 08:42:53
8,58,2026-08-05 13:58:42,USD,854.14,cancelled,2026-08-07 14:03:42
382,67,2026-07-08 11:13:58,GBP,849.06,completed,2026-07-08 11:30:58
322,112,2026-06-15 00:57:18,USD,263.63,completed,2026-06-15 01:03:18
204,69,2026-06-19 09:18:05,EUR,8.52,completed,2026-06-19 09:46:05
221,134,2026-07-16 12:16:01,GBP,184.76,completed,2026-07-16 12:35:01
145,12,2026-07-29 01:39:15,USD,204.5,completed,2026-07-29 01:45:15
191,91,2026-08-02 11:49:44,EUR,650.48,completed,2026-08-02 13:19:44
314,18,2026-06-17 22:30:30,EUR,166.08,completed,2026-06-17 22:31:30
378,42,2026-07-13 12:12:17,USD,714.02,completed,2026-07-13 13:38:17
92,70,2026-08-15 10:18:17,USD,561.55,completed,2026-08-15 10:39:17
77,36,2026-08-03 15:35:03,EUR,423.05,completed,2026-08-03 15:40:03
360,14,2026-06-13 00:51:21,GBP,153.06,completed,2026-06-13 01:17:21
257,70,2026-06-25 22:56:28,EUR,596.59,completed,2026-06-25 23:22:28
89,22,2026-07-10 20:35:45,EUR,417.22,completed,2026-07-10 21:05:45
202,59,2026-08-15 12:26:58,EUR,850.73,completed,2026-08-15 12:47:58
80,37,2026-06-06 06:45:26,GBP,118.58,completed,2026-06-06 06:49:26
72,110,2026-08-29 05:30:00,GBP,720.03,completed,2026-08-29 05:42:00
13,17,2026-08-20 10:23:17,EUR,862.13,completed,2026-08-20 10:43:17
286,8,2026-06-03 02:29:49,USD,187.54,completed,2026-06-03 02:48:49
125,10,2026-08-22 03:16:07,GBP,17.23,completed,2026-08-22 03:24:07
253,132,2026-07-11 23:37:34,GBP,851.62,completed,2026-07-11 23:41:34
308,36,2026-07-20 23:16:23,EUR,153.78,completed,2026-07-21 00:38:23
140,106,2026-06-25 01:40:36,GBP,100.43,cancelled,2026-06-27 01:59:36
5,64,2026-06-05 13:45:41,EUR,54.5,completed,2026-06-05 13:52:41
353,148,2026-08-03 10:57:22,GBP,755.8,completed,2026-08-03 11:21:22
229,150,2026-06-19 13:52:03,GBP,135.24,completed,2026-06-19 14:03:03
147,125,2026-06-04 07:05:11,USD,325.76,completed,2026-06-04 07:11:11
147,125,2026-06-04 07:05:11,USD,325.76,completed,2026-06-04 08:11:11
9,16,2026-06-25 12:28:57,GBP,795.81,completed,2026-06-25 12:52:57
243,144,2026-07-31 03:47:35,USD,710.25,completed,2026-07-31 05:07:35
399,13,2026-07-30 16:15:59,USD,545.61,completed,2026-07-30 16:21:59
261,132,2026-08-22 10:28:17,EUR,328.83,completed,2026-08-22 10:50:17
166,49,2026-08-12 10:00:22,USD,581.83,completed,2026-08-12 10:21:22
240,75,2026-08-05 11:01:48,EUR,801.01,completed,2026-08-05 12:31:48
336,7,2026-06-30 16:18:13,GBP,647.5,completed,2026-06-30 16:33:13
45,120,2026-06-12 23:41:28,USD,207.22,completed,2026-06-12 23:45:28
192,6,2026-06-23 20:17:15,GBP,22.96,completed,2026-06-23 20:19:15
264,45,2026-08-18 20:17:40,USD,265.6,completed,2026-08-18 21:35:40
57,7,2026-07-20 06:19:16,EUR,811.59,completed,2026-07-20 06:36:16
370,67,2026-06-04 11:51:24,USD,329.76,completed,2026-06-04 12:21:24
160,116,2026-08-08 01:43:44,USD,388.37,completed,2026-08-08 02:00:44
161,144,2026-07-06 05:34:10,GBP,216.22,completed,2026-07-06 05:43:10
333,67,2026-07-15 01:59:05,EUR,150.4,completed,2026-07-15 03:02:05
66,3,2026-07-22 15:58:06,USD,229.84,completed,2026-07-22 16:05:06
13,17,2026-08-20 10:23:17,EUR,862.13,completed,2026-08-20 11:43:17
124,102,2026-07-31 20:02:51,USD,35.76,completed,2026-07-31 20:23:51
94,83,2026-07-06 08:27:10,GBP,828.93,completed,2026-07-06 08:52:10
294,138,2026-06-11 22:03:42,GBP,555.5,completed,2026-06-11 23:18:42
107,36,2026-07-30 03:59:59,EUR,758.81,completed,2026-07-30 04:20:59
133,118,2026-07-09 23:22:18,EUR,354.66,completed,2026-07-09 23:40:18
59,149,2026-07-02 04:21:29,GBP,797.19,completed,2026-07-02 04:29:29
388,119,2026-08-04 16:12:59,EUR,148.65,completed,2026-08-04 16:34:59
303,18,2026-08-19 02:44:25,EUR,74.76,completed,2026-08-19 04:08:25
400,21,2026-07-27 09:04:32,EUR,223.72,completed,2026-07-27 10:09:32
327,93,2026-07-21 21:31:49,EUR,119.17,completed,2026-07-21 21:39:49
223,96,2026-06-07 22:28:24,EUR,42.37,completed,2026-06-07 22:53:24
110,132,2026-06-09 20:57:50,GBP,833.08,completed,2026-06-09 21:15:50
321,150,2026-07-30 13:16:56,GBP,597.23,completed,2026-07-30 13:44:56
158,150,2026-08-20 22:03:15,GBP,104.51,completed,2026-08-20 22:29:15
127,63,2026-06-13 23:34:18,EUR,550.91,completed,2026-06-13 23:53:18
319,88,2026-07-25 21:45:01,GBP,339.68,completed,2026-07-25 21:51:01
316,95,2026-08-27 20:11:44,USD,19.01,completed,2026-08-27 20:26:44
228,154,2026-06-13 06:36:29,USD,742.47,cancelled,2026-06-15 06:43:29
103,101,2026-06-25 14:54:10,EUR,869.36,completed,2026-06-25 15:18:10
292,11,2026-06-21 14:01:30,USD,684.76,completed,2026-06-21 14:30:30
140,106,2026-06-25 01:40:36,GBP,100.43,completed,2026-06-25 01:59:36
39,81,2026-06-02 23:02:14,USD,265.42,completed,2026-06-02 23:23:14
184,115,2026-07-23 07:55:39,GBP,72.92,completed,2026-07-23 08:06:39
71,106,2026-08-02 09:48:35,GBP,117.02,completed,2026-08-02 10:15:35
41,41,2026-06-19 00:59:51,USD,638.19,completed,2026-06-19 02:14:51
178,140,2026-06-23 06:36:30,USD,127.44,cancelled,2026-06-25 07:01:30
287,125,2026-08-24 06:00:15,USD,815.69,completed,2026-08-24 06:13:15
239,58,2026-08-26 17:44:05,USD,420.69,completed,2026-08-26 18:08:05
88,5,2026-07-08 23:36:15,EUR,661.53,completed,2026-07-08 23:42:15
250,9,2026-06-13 07:09:46,GBP,612.53,completed,2026-06-13 07:14:46
198,141,2026-07-31 17:17:23,GBP,479.02,completed,2026-07-31 18:26:23
226,112,2026-07-26 15:11:56,USD,398.65,cancelled,2026-07-28 15:27:56
347,108,2026-06-09 00:55:14,GBP,312.71,completed,2026-06-09 01:21:14
374,51,2026-07-19 03:54:27,EUR,354.86,cancelled,2026-07-21 04:03:27
153,129,2026-07-11 06:04:45,EUR,83.71,completed,2026-07-11 07:14:45
247,28,2026-06-08 15:50:50,GBP,515.52,completed,2026-06-08 16:13:50
128,78,2026-08-21 15:30:52,EUR,32.71,completed,2026-08-21 15:41:52
23,102,2026-08-27 17:09:40,GBP,86.58,completed,2026-08-27 17:15:40
205,149,2026-06-08 06:54:56,GBP,327.53,completed,2026-06-08 07:19:56
103,101,2026-06-25 14:54:10,EUR,869.36,completed,2026-06-25 16:18:10
8,58,2026-08-05 13:58:42,USD,854.14,completed,2026-08-05 14:03:42
326,47,2026-08-02 10:50:14,EUR,84.61,completed,2026-08-02 10:57:14
237,15,2026-06-19 01:10:53,EUR,267.8,completed,2026-06-19 01:18:53
97,138,2026-07-18 02:14:25,GBP,471.33,completed,2026-07-18 02:23:25
243,144,2026-07-31 03:47:35,USD,710.25,completed,2026-07-31 04:07:35
163,31,2026-08-13 13:48:10,GBP,601.55,completed,2026-08-13 14:08:10
89,22,2026-07-10 20:35:45,EUR,417.22,cancelled,2026-07-12 21:05:45
81,54,2026-07-09 13:21:27,EUR,500.85,completed,2026-07-09 13:48:27
242,77,2026-06-08 05:21:22,EUR,435.53,completed,2026-06-08 05:32:22
305,118,2026-07-16 10:53:13,USD,352.24,completed,2026-07-16 11:19:13
33,35,2026-06-05 02:39:46,GBP,734.42,completed,2026-06-05 02:46:46
136,112,2026-08-09 16:46:43,EUR,353.62,completed,2026-08-09 16:58:43
171,37,2026-07-09 02:42:03,GBP,641.15,completed,2026-07-09 03:11:03
300,27,2026-06-06 10:27:40,EUR,333.58,completed,2026-06-06 11:45:40
135,63,2026-07-14 06:27:57,USD,27.89,completed,2026-07-14 06:36:57
170,103,2026-06-13 01:54:28,EUR,175.78,completed,2026-06-13 03:18:28
84,22,2026-06-29 01:42:40,EUR,564.62,completed,2026-06-29 01:48:40
335,116,2026-08-02 07:39:05,GBP,427.34,completed,2026-08-02 07:53:05
289,62,2026-08-26 15:44:56,EUR,547.28,completed,2026-08-26 15:48:56
98,50,2026-06-13 05:51:44,EUR,329.73,completed,2026-06-13 06:10:44
12,83,2026-07-19 23:57:30,USD,570.34,cancelled,2026-07-22 00:05:30
376,148,2026-06-03 14:28:56,USD,542.9,completed,2026-06-03 14:39:56
270,18,2026-08-13 03:48:38,GBP,746.34,completed,2026-08-13 04:15:38
111,67,2026-07-03 07:06:24,EUR,376.99,completed,2026-07-03 07:12:24
317,17,2026-07-24 00:43:10,USD,327.13,completed,2026-07-24 00:59:10
142,69,2026-08-25 17:32:09,GBP,182.7,completed,2026-08-25 17:52:09
202,59,2026-08-15 12:26:58,EUR,850.73,cancelled,2026-08-17 12:47:58
284,33,2026-06-15 16:36:16,GBP,353.07,completed,2026-06-15 16:48:16
95,147,2026-06-20 08:54:51,GBP,617.75,completed,2026-06-20 09:24:51
180,153,2026-06-17 07:23:32,GBP,474.61,completed,2026-06-17 07:35:32
196,41,2026-06-13 00:09:13,USD,478.89,completed,2026-06-13 00:36:13
285,133,2026-07-28 23:46:24,USD,731.62,completed,2026-07-29 00:13:24
393,151,2026-07-27 02:17:20,GBP,625.35,completed,2026-07-27 02:34:20
262,128,2026-08-06 11:44:01,USD,788.32,completed,2026-08-06 12:13:01
368,142,2026-07-24 20:11:18,USD,126.71,completed,2026-07-24 20:40:18
44,37,2026-07-25 06:33:38,GBP,458.72,completed,2026-07-25 06:54:38
323,132,2026-08-17 03:28:15,EUR,594.02,completed,2026-08-17 03:47:15
112,155,2026-07-16 16:08:28,USD,711.66,completed,2026-07-16 16:25:28
293,28,2026-08-08 12:58:56,USD,69.56,completed,2026-08-08 12:59:56
16,132,2026-06-27 12:48:10,USD,369.94,completed,2026-06-27 14:09:10
343,101,2026-06-14 22:47:03,USD,262.79,completed,2026-06-14 23:12:03
224,99,2026-08-17 04:59:39,USD,880.03,completed,2026-08-17 05:27:39
246,130,2026-07-05 11:12:18,EUR,501.99,completed,2026-07-05 11:17:18
315,9,2026-08-11 20:14:49,EUR,599.68,completed,2026-08-11 20:19:49
390,99,2026-08-16 17:11:20,USD,289.47,completed,2026-08-16 18:26:20
9,16,2026-06-25 12:28:57,GBP,795.81,completed,2026-06-25 13:52:57
280,117,2026-08-30 22:39:29,USD,310.8,completed,2026-08-30 22:46:29
346,64,2026-06-05 08:32:30,GBP,137.93,completed,2026-06-05 09:00:30
365,18,2026-07-24 03:22:46,EUR,305.34,completed,2026-07-24 03:45:46
324,65,2026-08-16 12:11:55,GBP,861.14,completed,2026-08-16 12:32:55
106,37,2026-08-29 00:29:45,USD,719.97,completed,2026-08-29 00:35:45
230,23,2026-07-13 12:16:42,EUR,502.35,completed,2026-07-13 12:33:42
357,20,2026-07-26 06:20:19,EUR,466.41,cancelled,2026-07-28 06:26:19
339,8,2026-06-27 10:07:50,GBP,647.94,completed,2026-06-27 10:35:50
297,148,2026-08-26 06:58:48,GBP,678.05,completed,2026-08-26 07:01:48
193,51,2026-07-03 23:03:08,GBP,48.5,completed,2026-07-03 23:06:08
335,116,2026-08-02 07:39:05,GBP,427.34,completed,2026-08-02 08:53:05
141,79,2026-08-31 17:00:58,EUR,360.82,completed,2026-08-31 17:04:58
358,97,2026-08-14 05:11:01,GBP,498.49,cancelled,2026-08-16 05:36:01
391,93,2026-08-04 20:12:34,GBP,604.55,completed,2026-08-04 21:24:34
273,34,2026-06-21 07:42:54,USD,453.01,completed,2026-06-21 08:11:54
348,82,2026-07-07 11:19:23,GBP,320.83,completed,2026-07-07 11:32:23
396,151,2026-06-08 13:39:34,GBP,349.76,completed,2026-06-08 13:51:34
389,121,2026-08-06 08:36:23,USD,500.86,completed,2026-08-06 09:01:23
118,43,2026-06-15 09:16:35,USD,22.41,completed,2026-06-15 09:46:35
75,40,2026-06-28 12:50:34,USD,550.51,completed,2026-06-28 13:13:34
379,144,2026-07-06 19:21:10,GBP,772.62,completed,2026-07-06 19:37:10
212,108,2026-07-22 04:24:48,EUR,794.1,completed,2026-07-22 04:50:48
239,58,2026-08-26 17:44:05,USD,420.69,completed,2026-08-26 19:08:05
167,8,2026-06-05 12:53:09,EUR,334.26,completed,2026-06-05 13:14:09
354,133,2026-06-10 15:28:26,USD,793.01,completed,2026-06-10 15:50:26
209,140,2026-08-07 03:33:22,EUR,861.73,completed,2026-08-07 03:36:22
296,148,2026-07-15 06:00:05,USD,43.98,completed,2026-07-15 06:22:05
281,76,2026-06-04 23:46:39,GBP,19.12,completed,2026-06-05 00:58:39
119,134,2026-07-03 22:28:06,EUR,783.23,completed,2026-07-03 23:51:06
220,29,2026-07-30 20:30:46,USD,684.13,completed,2026-07-30 21:35:46
116,2,2026-07-18 16:59:28,GBP,68.85,completed,2026-07-18 17:11:28
371,97,2026-06-04 02:12:13,USD,664.37,cancelled,2026-06-06 02:17:13
133,118,2026-07-09 23:22:18,EUR,354.66,cancelled,2026-07-11 23:40:18
16,132,2026-06-27 12:48:10,USD,369.94,completed,2026-06-27 13:09:10
57,7,2026-07-20 06:19:16,EUR,811.59,completed,2026-07-20 07:36:16
374,51,2026-07-19 03:54:27,EUR,354.86,completed,2026-07-19 04:03:27
333,67,2026-07-15 01:59:05,EUR,150.4,completed,2026-07-15 02:02:05
381,112,2026-07-29 23:51:16,USD,658.64,completed,2026-07-30 00:12:16
35,123,2026-06-28 18:16:39,GBP,217.47,completed,2026-06-28 18:28:39
143,120,2026-08-21 13:51:51,USD,586.84,completed,2026-08-21 14:13:51
303,18,2026-08-19 02:44:25,EUR,74.76,completed,2026-08-19 05:08:25
43,1,2026-06-07 01:34:01,EUR,171.16,completed,2026-06-07 02:40:01
400,21,2026-07-27 09:04:32,EUR,223.72,completed,2026-07-27 09:09:32
268,105,2026-08-24 05:49:57,EUR,44.33,completed,2026-08-24 05:58:57
99,127,2026-07-20 03:23:40,EUR,709.68,completed,2026-07-20 04:28:40
345,74,2026-08-02 12:45:12,GBP,709.72,completed,2026-08-02 14:09:12
372,28,2026-06-20 17:35:59,USD,696.74,completed,2026-06-20 17:40:59
238,67,2026-07-14 17:53:13,USD,851.27,completed,2026-07-14 18:15:13
90,21,2026-07-22 09:19:46,GBP,153.57,completed,2026-07-22 09:47:46
373,24,2026-08-23 22:48:11,GBP,118.05,completed,2026-08-23 23:58:11
272,137,2026-08-09 13:42:59,EUR,124.54,completed,2026-08-09 13:53:59
370,67,2026-06-04 11:51:24,USD,329.76,completed,2026-06-04 13:21:24
34,57,2026-06-10 11:39:48,EUR,147.1,completed,2026-06-10 12:08:48
50,11,2026-06-10 23:02:04,GBP,686.78,completed,2026-06-10 23:09:04
2,40,2026-06-21 16:43:06,GBP,632.4,completed,2026-06-21 17:11:06
68,48,2026-07-23 16:48:59,USD,657.55,completed,2026-07-23 17:08:59
321,150,2026-07-30 13:16:56,GBP,597.23,completed,2026-07-30 14:44:56
165,12,2026-06-03 14:48:31,USD,673.83,completed,2026-06-03 14:59:31
61,27,2026-06-27 12:09:09,EUR,661.3,completed,2026-06-27 12:23:09
105,77,2026-08-18 18:28:48,GBP,99.35,completed,2026-08-18 18:39:48
311,45,2026-07-02 13:28:03,USD,175.76,completed,2026-07-02 13:37:03
265,148,2026-08-06 01:50:34,EUR,804.88,completed,2026-08-06 01:57:34
153,129,2026-07-11 06:04:45,EUR,83.71,completed,2026-07-11 06:14:45
138,88,2026-08-31 16:47:52,USD,157.8,completed,2026-08-31 16:58:52
312,57,2026-08-04 23:13:36,GBP,783.84,completed,2026-08-04 23:43:36
259,130,2026-08-20 06:54:53,USD,354.89,completed,2026-08-20 06:55:53
65,41,2026-07-05 13:30:29,USD,561.3,completed,2026-07-05 13:44:29
131,133,2026-06-14 23:54:47,EUR,245.47,completed,2026-06-15 00:15:47
102,17,2026-08-19 20:25:59,USD,637.21,completed,2026-08-19 20:28:59
271,31,2026-07-24 12:53:50,GBP,756.09,completed,2026-07-24 13:06:50
217,123,2026-08-16 07:09:04,GBP,330.87,completed,2026-08-16 07:16:04
378,42,2026-07-13 12:12:17,USD,714.02,completed,2026-07-13 12:38:17
21,67,2026-08-28 00:06:40,GBP,640.19,completed,2026-08-28 00:18:40
91,121,2026-08-29 05:09:51,USD,330.12,completed,2026-08-29 06:30:51
121,5,2026-08-24 12:44:26,GBP,756.55,completed,2026-08-24 13:01:26
352,93,2026-07-04 02:06:07,EUR,798.52,completed,2026-07-04 02:35:07
43,1,2026-06-07 01:34:01,EUR,171.16,completed,2026-06-07 01:40:01
29,50,2026-06-07 17:53:48,GBP,39.13,completed,2026-06-07 18:20:48
302,73,2026-07-23 07:21:16,USD,87.13,completed,2026-07-23 07:49:16
341,96,2026-08-11 14:49:59,GBP,840.86,completed,2026-08-11 15:09:59
267,104,2026-06-15 21:16:23,EUR,291.07,completed,2026-06-15 21:42:23
298,35,2026-07-05 09:54:22,USD,295.35,completed,2026-07-05 09:58:22
17,19,2026-07-06 19:05:13,USD,381.85,completed,2026-07-06 19:28:13
269,71,2026-07-23 11:45:58,EUR,478.76,completed,2026-07-23 11:55:58
215,140,2026-07-21 07:52:40,GBP,783.14,completed,2026-07-21 08:04:40
70,101,2026-08-02 06:10:08,USD,729.57,completed,2026-08-02 07:31:08
259,130,2026-08-20 06:54:53,USD,354.89,completed,2026-08-20 07:55:53
10,135,2026-08-02 01:19:42,GBP,343.86,completed,2026-08-02 01:31:42
254,62,2026-06-27 18:29:35,USD,790.42,completed,2026-06-27 18:48:35
243,144,2026-07-31 03:47:35,USD,710.25,cancelled,2026-08-02 04:07:35
49,60,2026-08-16 09:50:13,EUR,562.25,completed,2026-08-16 09:53:13
164,4,2026-07-19 15:13:02,USD,806.75,completed,2026-07-19 16:23:02
182,98,2026-06-20 18:56:16,GBP,897.56,cancelled,2026-06-22 19:21:16
26,155,2026-06-20 20:51:58,EUR,84.68,completed,2026-06-20 21:11:58
54,74,2026-06-23 13:00:33,USD,263.06,completed,2026-06-23 13:25:33
48,62,2026-07-21 20:58:44,GBP,758.16,completed,2026-07-21 21:16:44
179,23,2026-08-22 06:36:07,GBP,784.34,completed,2026-08-22 06:42:07
338,134,2026-07-12 01:49:38,EUR,84.78,completed,2026-07-12 01:51:38
383,82,2026-07-24 21:44:30,USD,46.47,completed,2026-07-24 23:11:30
220,29,2026-07-30 20:30:46,USD,684.13,completed,2026-07-30 20:35:46
24,14,2026-07-12 23:36:56,EUR,375.6,completed,2026-07-12 23:37:56
111,67,2026-07-03 07:06:24,EUR,376.99,completed,2026-07-03 08:12:24
169,13,2026-06-29 15:27:31,GBP,145.95,completed,2026-06-29 15:37:31
395,7,2026-06-10 19:53:44,EUR,103.9,completed,2026-06-10 20:17:44
211,151,2026-08-26 14:34:18,GBP,301.02,completed,2026-08-26 14:48:18
187,144,2026-06-14 06:49:27,GBP,516.73,completed,2026-06-14 06:53:27
350,35,2026-07-03 17:45:21,GBP,739.45,completed,2026-07-03 17:57:21
248,109,2026-07-23 19:33:07,EUR,514.98,completed,2026-07-23 19:37:07
37,27,2026-07-05 17:40:54,EUR,665.44,completed,2026-07-05 17:52:54
74,4,2026-08-27 00:13:04,GBP,267.23,completed,2026-08-27 01:33:04
96,60,2026-07-12 19:03:43,EUR,421.46,cancelled,2026-07-14 19:10:43
185,93,2026-08-02 10:36:29,EUR,843.98,completed,2026-08-02 10:47:29
252,94,2026-07-25 02:41:45,EUR,526.59,completed,2026-07-25 03:07:45
190,79,2026-07-05 23:36:35,GBP,844.0,completed,2026-07-06 00:47:35
394,152,2026-06-24 07:06:13,USD,244.37,completed,2026-06-24 07:35:13
38,114,2026-07-02 05:39:47,USD,270.26,completed,2026-07-02 05:56:47
234,47,2026-07-28 20:07:03,USD,777.05,completed,2026-07-28 20:10:03
348,82,2026-07-07 11:19:23,GBP,320.83,cancelled,2026-07-09 11:32:23
100,53,2026-08-15 15:37:36,USD,239.13,completed,2026-08-15 16:02:36
74,4,2026-08-27 00:13:04,GBP,267.23,completed,2026-08-27 00:33:04
203,91,2026-06-28 10:48:27,GBP,254.42,completed,2026-06-28 11:17:27
22,53,2026-06-03 10:26:43,EUR,170.7,completed,2026-06-03 11:36:43
28,51,2026-08-03 05:36:13,USD,362.77,completed,2026-08-03 05:53:13
32,11,2026-06-07 20:08:05,GBP,285.78,completed,2026-06-07 20:32:05
58,9,2026-07-17 18:20:33,USD,781.86,completed,2026-07-17 18:35:33
27,44,2026-06-10 03:24:31,USD,274.95,completed,2026-06-10 03:51:31
162,80,2026-06-19 04:43:45,EUR,604.95,completed,2026-06-19 05:51:45
320,122,2026-08-14 17:45:24,USD,238.66,completed,2026-08-14 18:03:24
255,88,2026-07-21 12:05:14,GBP,606.38,completed,2026-07-21 12:31:14
157,134,2026-07-05 13:42:43,GBP,317.39,completed,2026-07-05 13:43:43
151,113,2026-08-18 11:34:15,EUR,549.34,completed,2026-08-18 11:41:15
14,17,2026-06-05 07:06:30,GBP,861.32,completed,2026-06-05 07:31:30
86,14,2026-08-06 18:33:02,USD,697.53,completed,2026-08-06 18:47:02
244,34,2026-07-26 18:53:22,USD,340.37,completed,2026-07-26 19:15:22
200,94,2026-06-21 05:55:47,USD,478.01,completed,2026-06-21 06:07:47
188,19,2026-07-11 10:47:23,GBP,768.62,completed,2026-07-11 10:55:23
397,37,2026-06-22 05:09:09,USD,531.74,completed,2026-06-22 06:35:09
273,34,2026-06-21 07:42:54,USD,453.01,completed,2026-06-21 09:11:54
214,143,2026-07-14 21:41:28,GBP,602.87,completed,2026-07-14 21:56:28
66,3,2026-07-22 15:58:06,USD,229.84,completed,2026-07-22 17:05:06
307,23,2026-08-15 18:14:03,USD,269.82,completed,2026-08-15 18:23:03
149,9,2026-07-08 21:01:21,USD,221.41,completed,2026-07-08 22:06:21
78,42,2026-07-14 14:44:36,EUR,600.44,completed,2026-07-14 15:11:36
300,27,2026-06-06 10:27:40,EUR,333.58,completed,2026-06-06 10:45:40
168,95,2026-06-19 17:58:23,EUR,219.24,completed,2026-06-19 19:00:23
3,78,2026-06-18 20:16:33,GBP,396.5,completed,2026-06-18 21:41:33
355,32,2026-08-26 18:02:29,GBP,514.46,completed,2026-08-26 18:03:29
181,115,2026-06-04 18:28:07,USD,441.8,completed,2026-06-04 18:31:07
70,101,2026-08-02 06:10:08,USD,729.57,completed,2026-08-02 06:31:08
344,105,2026-06-23 07:11:24,EUR,638.57,completed,2026-06-23 07:23:24
196,41,2026-06-13 00:09:13,USD,478.89,completed,2026-06-13 01:36:13
328,108,2026-08-25 02:30:37,EUR,848.43,completed,2026-08-25 02:49:37
157,134,2026-07-05 13:42:43,GBP,317.39,completed,2026-07-05 14:43:43
172,43,2026-07-21 09:00:28,GBP,609.36,completed,2026-07-21 10:19:28
126,132,2026-07-07 02:29:37,GBP,839.07,completed,2026-07-07 03:44:37
304,71,2026-07-30 05:57:06,EUR,276.33,completed,2026-07-30 06:11:06
385,9,2026-06-29 14:38:30,GBP,77.05,completed,2026-06-29 14:48:30
144,69,2026-08-23 03:54:57,GBP,61.41,completed,2026-08-23 04:01:57
392,17,2026-07-26 00:13:35,USD,189.16,completed,2026-07-26 00:30:35
79,93,2026-08-24 20:01:01,GBP,46.05,completed,2026-08-24 20:25:01
35,123,2026-06-28 18:16:39,GBP,217.47,completed,2026-06-28 19:28:39
248,109,2026-07-23 19:33:07,EUR,514.98,completed,2026-07-23 20:37:07
30,108,2026-07-12 18:15:27,EUR,594.66,cancelled,2026-07-14 18:30:27
383,82,2026-07-24 21:44:30,USD,46.47,cancelled,2026-07-26 22:11:30
212,108,2026-07-22 04:24:48,EUR,794.1,cancelled,2026-07-24 04:50:48
43,1,2026-06-07 01:34:01,EUR,171.16,cancelled,2026-06-09 01:40:01
118,43,2026-06-15 09:16:35,USD,22.41,cancelled,2026-06-17 09:46:35
