refund_id,order_id,refund_ts,amount
1,2,2026-06-24 16:43:06,122.07
2,10,2026-08-10 01:19:42,82.73
3,12,2026-07-23 23:57:30,240.3
4,20,2026-07-14 03:00:30,370.46
5,20,2026-06-11 03:00:30,68.73
6,20,2026-06-18 03:00:30,79.18
7,27,2026-07-20 03:24:31,70.16
8,27,2026-06-21 03:24:31,76.85
9,27,2026-06-25 03:24:31,45.56
10,39,2026-06-05 23:02:14,91.57
11,44,2026-08-25 06:33:38,54.77
12,44,2026-07-26 06:33:38,155.99
13,44,2026-08-22 06:33:38,62.01
14,49,2026-09-08 09:50:13,265.15
15,49,2026-09-30 09:50:13,145.87
16,49,2026-08-19 09:50:13,16.86
17,50,2026-06-17 23:02:04,328.1
18,50,2026-06-24 23:02:04,71.24
19,50,2026-06-13 23:02:04,41.62
20,82,2026-08-22 06:41:31,78.16
21,83,2026-09-25 01:25:19,4.9
22,83,2026-08-26 01:25:19,1.42
23,83,2026-09-30 01:25:19,1.49
24,86,2026-09-18 18:33:02,235.45
25,86,2026-09-06 18:33:02,227.49
26,87,2026-06-23 02:41:30,151.1
27,89,2026-08-21 20:35:45,44.18
28,115,2026-08-21 11:21:18,160.81
29,115,2026-09-02 11:21:18,200.98
30,115,2026-09-23 11:21:18,47.81
31,117,2026-08-31 01:18:55,418.25
32,129,2026-07-15 07:20:35,56.37
33,129,2026-06-26 07:20:35,107.21
34,129,2026-07-21 07:20:35,86.28
35,136,2026-08-16 16:46:43,109.66
36,142,2026-09-28 17:32:09,23.83
37,149,2026-07-24 21:01:21,63.51
38,149,2026-07-31 21:01:21,25.85
39,151,2026-09-12 11:34:15,216.65
40,151,2026-09-24 11:34:15,37.09
41,162,2026-07-09 04:43:45,145.54
42,162,2026-06-29 04:43:45,70.45
43,162,2026-07-05 04:43:45,130.31
44,164,2026-08-25 15:13:02,224.3
45,164,2026-07-30 15:13:02,142.81
46,167,2026-07-15 12:53:09,144.45
47,167,2026-06-17 12:53:09,43.78
48,167,2026-06-28 12:53:09,52.41
49,174,2026-08-18 10:33:56,7.44
50,174,2026-08-04 10:33:56,10.73
51,174,2026-08-17 10:33:56,3.67
52,178,2026-07-07 06:36:30,43.04
53,178,2026-07-01 06:36:30,23.96
54,178,2026-07-21 06:36:30,23.15
55,180,2026-07-26 07:23:32,109.61
56,180,2026-07-31 07:23:32,52.99
57,180,2026-07-10 07:23:32,61.46
58,185,2026-09-10 10:36:29,380.22
59,185,2026-08-12 10:36:29,54.79
60,188,2026-08-11 10:47:23,283.39
61,188,2026-07-27 10:47:23,146.29
62,193,2026-08-14 23:03:08,10.1
63,194,2026-06-11 06:20:20,12.24
64,194,2026-06-27 06:20:20,5.96
65,205,2026-06-16 06:54:56,122.52
66,205,2026-06-09 06:54:56,32.96
67,239,2026-09-09 17:44:05,62.62
68,239,2026-09-29 17:44:05,178.48
69,244,2026-08-26 18:53:22,148.71
70,249,2026-07-16 02:38:21,14.11
71,249,2026-07-31 02:38:21,2.9
72,252,2026-07-29 02:41:45,250.05
73,252,2026-09-07 02:41:45,110.06
74,252,2026-08-22 02:41:45,55.96
75,256,2026-09-29 00:07:56,166.24
76,256,2026-09-11 00:07:56,24.13
77,264,2026-09-19 20:17:40,94.49
78,264,2026-09-11 20:17:40,83.02
79,264,2026-09-05 20:17:40,33.15
80,269,2026-08-29 11:45:58,206.18
81,269,2026-08-31 11:45:58,60.58
82,269,2026-08-09 11:45:58,100.91
83,272,2026-09-15 13:42:59,45.72
84,272,2026-08-23 13:42:59,21.52
85,272,2026-08-27 13:42:59,18.88
86,275,2026-07-30 09:06:23,96.35
87,275,2026-07-09 09:06:23,146.97
88,280,2026-09-12 22:39:29,33.14
89,280,2026-09-12 22:39:29,115.53
90,280,2026-09-12 22:39:29,66.36
91,294,2026-07-11 22:03:42,235.88
92,294,2026-07-23 22:03:42,58.65
93,294,2026-07-24 22:03:42,102.88
94,295,2026-09-10 02:34:33,128.17
95,295,2026-08-31 02:34:33,195.73
96,297,2026-09-23 06:58:48,104.43
97,297,2026-08-30 06:58:48,241.18
98,297,2026-09-14 06:58:48,57.15
99,299,2026-07-14 07:00:26,10.82
100,300,2026-07-03 10:27:40,105.2
101,300,2026-07-10 10:27:40,107.92
102,300,2026-07-17 10:27:40,45.28
103,303,2026-09-30 02:44:25,29.08
104,306,2026-06-30 02:57:05,306.62
105,313,2026-08-15 10:13:06,152.32
106,313,2026-09-20 10:13:06,50.98
107,316,2026-09-09 20:11:44,9.32
108,316,2026-09-17 20:11:44,2.15
109,320,2026-09-04 17:45:24,36.78
110,320,2026-08-18 17:45:24,91.78
111,320,2026-09-11 17:45:24,18.4
112,330,2026-08-16 09:41:16,250.38
113,333,2026-08-17 01:59:05,34.81
114,333,2026-07-28 01:59:05,34.3
115,333,2026-08-20 01:59:05,27.81
116,335,2026-08-19 07:39:05,120.91
117,335,2026-09-05 07:39:05,92.09
118,335,2026-08-06 07:39:05,67.14
119,344,2026-07-18 07:11:24,304.71
120,344,2026-07-05 07:11:24,96.52
121,352,2026-08-03 02:06:07,96.63
122,352,2026-07-24 02:06:07,249.89
123,352,2026-07-29 02:06:07,190.27
124,358,2026-09-16 05:11:01,54.52
125,358,2026-08-28 05:11:01,195.55
126,358,2026-08-24 05:11:01,75.6
127,363,2026-07-05 07:10:55,108.87
128,364,2026-08-18 15:53:28,85.03
129,373,2026-09-03 22:48:11,44.6
130,373,2026-09-03 22:48:11,10.65
131,373,2026-09-05 22:48:11,8.97
132,376,2026-07-05 14:28:56,166.46
133,376,2026-06-28 14:28:56,64.0
134,376,2026-07-15 14:28:56,50.82
135,380,2026-07-09 13:48:05,53.05
136,385,2026-08-01 14:38:30,27.59
137,389,2026-08-15 08:36:23,242.37
138,389,2026-08-25 08:36:23,77.41
139,392,2026-08-08 00:13:35,89.03
140,392,2026-09-07 00:13:35,37.18
141,397,2026-07-27 05:09:09,140.95
142,397,2026-06-26 05:09:09,156.32
143,400,2026-08-07 09:04:32,60.75
144,400,2026-08-28 09:04:32,54.57
145,400,2026-09-07 09:04:32,16.15
